<messages xmlns="" lang="en">

<!--
  <message><key>actual-result</key><value>Actual Result</value></message>
-->
  <message><key>stratml-title</key><value>StratML Forms</value></message>

  <!-- ........... Intro site ............... -->
  <message><key>intro-line</key><value>
  Please choose one of the available options</value></message>
  <message><key>browse-plan</key><value>Browse an existent plan</value></message>  
  <message><key>create-strategic-plan</key><value>
  Create a Strategic plan</value></message>
  <message><key>create-performance-plan</key><value>
  Create a performance plan</value></message> 
  <message><key>modify-plan</key><value>Modify an existing plan</value></message>  
  <message><key>browse-documentation</key><value>Learn more about StratML</value></message>  
  <message><key>steps-strategy</key><value>Follow this steps to create a strategy plan</value></message>  
  <message><key>steps-performance</key><value>Follow these steps to create a performance plan</value></message>  
  <message><key>steps-load</key><value>Choose One of the following options to load an existing plan</value></message>  
	            
</messages>

