<?xml version="1.0" encoding="UTF-8"?>
<messages xmlns="" lang="es">

  <message><key>stratml-title</key><value>StratML Forms</value></message>

  <!-- ........... Intro site ............... -->
  <message><key>intro-line</key>
  <value>Por favor, elija una de las siguientes opciones</value></message>
  <message><key>browse-plan</key><value>Consultar un plan existente</value></message>
  <message><key>create-strategic-plan</key>
  <value>Crear un plan strategico</value></message>
  <message><key>create-performance-plan</key>
  <value>Crear un plan de rendimiento</value></message> 
  <message><key>modify-plan</key><value>Modificar un plan existente</value></message>  
  <message><key>browse-documentation</key><value>Consultar la documentación de StratML</value></message>  
  <message><key>steps-strategy</key><value>Sigue estos pasos para crear un plan estrategico</value></message>  
  <message><key>steps-performance</key><value>Sigue estos pasos para crear un plan de rendimiento</value></message>  
	      
    
</messages>

