<?xml version="1.0" encoding="utf-8"?>
<?xml-stylesheet href="xsltforms/xsltforms.xsl" type="text/xsl"?>
<?css-conversion no ?>
<?xsltforms-options debug="no"?>
<html xmlns="http://www.w3.org/1999/xhtml" xmlns:xf="http://www.w3.org/2002/xforms"
      xmlns:ev="http://www.w3.org/2001/xml-events" xmlns:xsd="http://www.w3.org/2001/XMLSchema">
  <head>
    <link rel="stylesheet" type="text/css" href="./style.css"/>
    <xf:model>
      <xf:instance xmlns="" id="default" resource="data/stratml-template.xml"/>
      <xf:instance xmlns="" id="template" resource="data/stratml-template.xml"/>
      <xf:instance xmlns="" id="messages" src="labels/labels-en.xml"/>
      <xf:instance xmlns="" id="config" resource="data/form-config.xml"/>
      <xf:submission id="change-language" replace="instance" instance="messages" method="get" serialization="none">
        <xf:resource value="instance('config')/file/text()"/>
      </xf:submission>
      <xf:submission id="wizard-intro" show="new" method="post"
		     action="./Strat_Part_2_Multilingual_Intro.xml">
        <xf:message level="modeless"
		    ev:event="xforms-submit-error">Entry Submission Error - please check the form for red Xs.
	</xf:message>
      </xf:submission>
    </xf:model>
    <link rel="stylesheet" type="text/css" href="../css/position-style.css"/>
    <link rel="stylesheet" type="text/css" href="../css/format-style.css"/>
  </head>
  <body>
    <!--
        <?xsltforms-options css-converson="no"?>
        <xsl:when test="translate(normalize-space(/processing-instruction('css-c
	onversion')[1]), 'YESNO ', 'yesno')='no'">
    -->
    <!--
    <header>
      <h1>
        <img class="title-logo" width="80px" src="img/performance_logo_white.svg" alt="StratML logo"/>
        <xf:output ref="instance('messages')/message[key/text()='performance-information']/value"/>
        <img class="stratml-logo" src="img/stratml_logo_white.svg" alt="StratMLlogo"/>
      </h1>
      <div id="subheader">
        <div id="breadcrumb"> &gt;
        <a href="0_mainform.xml">Create Plan</a> &gt;
        <a name="Performance">5. Performance</a>
        </div>
                <xf:select1 id="lang-selector" ref="instance('config')/file">
          <xf:label class="subheader">Language</xf:label>
          <xf:item>
            <xf:label>English</xf:label>
            <xf:value>labels/labels-en.xml/</xf:value>
          </xf:item>
          <xf:item>
            <xf:label>Spanish</xf:label>
            <xf:value>labels/labels-es.xml</xf:value>
          </xf:item>
          <xf:action ev:event="xforms-value-changed">
            <xf:send submission="change-language"/>
          </xf:action>
        </xf:select1>
        <img id="page-counter" src="img/counter_5.svg" alt="Step 5"/>
      </div>
    </header>
    -->
    <main class="performancepage">
      <xf:repeat ref="/PerformancePlanOrReport/StrategicPlanCore/Goal">
        <!-- ................. Goal Resume ...................... -->
	<xf:switch >
	  <xf:case id="goalshow" >
            <h2 >
 	      <xf:trigger class="iconbutton" >
		<xf:label>
		  <img src="img/less-triangle.svg" />
		  </xf:label><xf:toggle case="goalhide" ev:event="DOMActivate" />
	      </xf:trigger>
	      <img src="img/goal-blue-icon.svg" class="type-icon"  /> 
              <!--<xf:output class="SequenceIndicator nopaddingtext" ref="SequenceIndicator" />-->
              <xf:output ref="instance('messages')/message[key/text()='goal']/value" class="nopaddingtext"  />
              <xf:output ref="Name" class="nopaddingtext" />
            </h2>
	    <ol class="subsection" >
              <xf:repeat id="objectiverepeat" ref="Objective" appearance="compact">
		<xf:switch >
		  <xf:case id="objectiveshow" >
		    <li>
		      <h3>
			<!-- ......... Objective Resume ................ -->
			<xf:trigger class="iconbutton" >
			  <xf:label>
			    <img src="img/less-triangle.svg" />
			    </xf:label><xf:toggle case="objectivehide" ev:event="DOMActivate" />
			</xf:trigger>
			<img src="img/target_blue_icon_3.svg" class="type-icon"  /> 
			<xf:output ref="sequenceindicator"/>
			<xf:output ref="instance('messages')/message[key/text()='objective']/value"/>
			<xf:output ref="Name"/>
		      </h3>
		      <!-- ........... Performance Indicator ............ -->
		      <ol class="subsection" >
			<xf:repeat ref="PerformanceIndicator" appearance="compact">
 			  <!-- ......... Switch ......... -->
			  <xf:switch >
			    <xf:case id="performanceshow" >
			      <li>                 
				<h4>
				  <xf:trigger class="iconbutton" >
				    <xf:label>
				      <img src="img/less-triangle.svg" />
				      </xf:label><xf:toggle case="performancehide" ev:event="DOMActivate" />
				  </xf:trigger>
				  <!-- ....... // Switch ........ -->
				  <img src="img/performance-blue-icon.svg"
				       class="type-icon"  /> 			
				  Performance Indicator</h4>				<!--Line 1 Seq Indicator Identifier Dimension Units -->
				  <div class="line subsection">
				    <xf:label>
				      <xf:output ref="instance('messages')/message[key/text()='seq-indicator']/value"/>
				      <xf:input ref="SequenceIndicator">
					<xf:hint>Please enter Sequence Indicator</xf:hint>
				      </xf:input>
				    </xf:label>
				    <xf:label>
				      <xf:output ref="instance('messages')/message[key/text()='identifier']/value"/>
				      <xf:input ref="Identifier"/>
				    </xf:label>
				    <xf:trigger  class="linebutton iconbutton">
					  	<xf:label>
							<img src="img/cross.svg" alt="delete Stakeholder" />
						</xf:label>
					  	<xf:delete ref="."  ev:event="DOMActivate" />
					  </xf:trigger>
				  </div>
				  <!--
				      <div class="line subsection">
				      <xf:label>
				      <xf:output ref="instance('messages')/message[key/text()='measurement']/value"/>
				      </xf:label>
				      
				      </div>
				  -->
				  <div class="line subsection">
				    <xf:label>
				      <xf:output ref="instance('messages')/message[key/text()='dimension']/value"/>
				      <xf:input ref="MeasurementDimension"/>
				    </xf:label>
				    <xf:label>
				      <xf:output ref="instance('messages')/message[key/text()='unit']/value"/>
				      <xf:input ref="UnitOfMeasurement"/>
				    </xf:label>
				  </div>
				  <!-- side section
				       ..... Value Chain Stage .. Performance Indicator Type
				       .......... -->
				  <!-- this should be in one of the sides -->
				  <!--Esto deberA-a ir-->
				  <div class="line subsection">
				    
				    <xf:label>
				      <xf:output ref="instance('messages')/message[key/text()='value-chain-stage']/value"/>
				      <xf:select1 ref="@ValueChainStage">
                     			<xf:item>
					  <xf:label>Outcome</xf:label>
					  <xf:value>Outcome</xf:value>
					</xf:item>
					<xf:item>
					  <xf:label>Output Processing</xf:label>
					  <xf:value>Output_Processing</xf:value>
					</xf:item>
					<xf:item>
					  <xf:label>Output</xf:label>
					  <xf:value>Output</xf:value>
					</xf:item>
					<xf:item>
					  <xf:label>Input Processing</xf:label>
					  <xf:value>Input_Processing</xf:value>
					</xf:item>
					<xf:item>
					  <xf:label>Input</xf:label>
					  <xf:value>Input</xf:value>
					</xf:item>
				      </xf:select1>
				    </xf:label>
				    <xf:label>
				      <xf:output ref="instance('messages')/message[key/text()='performance-indicator-type']/value"/>
				      <xf:select1 ref="@PerformanceIndicatorType">
					<xf:item>
					  <xf:label>Quantitative</xf:label>
					  <xf:value>Quantitative</xf:value>
					</xf:item>
					<xf:item>
					  <xf:label>Qualitative</xf:label>
					  <xf:value>Qualitative</xf:value>
					</xf:item>
				      </xf:select1>
				    </xf:label>
				  </div>
				  <xf:repeat ref="MeasurementInstance">
				    <fieldset>
				      <div class="line subsection">
					
					<table>
					<tr>
					  <td>

					  </td>
					  <td>
					    <h5 class="subsection">Target</h5>
					  </td>
					  <td>
					    <h5 class="subsection">Actual</h5>
					  </td>
					</tr>


					<tr>
					  <td>
					    <xf:output ref="instance('messages')/message[key/text()='number-of-units']/value"/>
					  </td>
					  <td>

					  <xf:input ref="TargetResult/NumberOfUnits"/>
					 </td>
					  <td>					   
					    <xf:input ref="ActualResult/NumberOfUnits"/>
					  </td>
					</tr>
<!-- 

End 
Description 
-->
					<tr>
					  <td>
					    <xf:output ref="instance('messages')/message[key/text()='start-date']/value"/>
					  </td>
					  <td>
					    <xf:input ref="TargetResult/StartDate"/>
					 </td>
					  <td>
					    <xf:input ref="ActualResult/StartDate"/>
					  </td>
					</tr>

					<tr>
					  <td>
					    <xf:output ref="instance('messages')/message[key/text()='end-date']/value"/>
					  </td>
					  <td>
					    <xf:input ref="TargetResult/EndDate" />
					 </td>
					  <td>
					    <xf:input ref="ActualResult/EndDate" />
					  </td>
					</tr>

					<tr>
					  <td colspan="2">
					    <xf:output ref="instance('messages')/message[key/text()='description']/value"/>
                        <br/>
					    <xf:textarea ref="TargetResult/Description"  />
					 </td>
					  <td>
                        <xf:output ref="instance('messages')/message[key/text()='description']/value"/>
                        <br/>
					      
					    <xf:textarea ref="ActualResult/Description" />
					  </td>
					</tr>

					
					

				      </table>
				      

				      </div>

				    </fieldset>



				  </xf:repeat>
				  <!-- se
				       guir ...
				       dentro de MeasurementInstance
				       <TargetResult>
				       <Description>[To be described]</Description>
				       <Descriptor>
				       <DescriptorName> </DescriptorName>
				       <DescriptorValue> </DescriptorValue>
				       </Descriptor>
				       <NumberOfUnits/>
				       <StartDate/>
				       <EndDate/>
				       </TargetResult>
				       <ActualResult>
				       <Description>[To be determined]</Description>
				       <Descriptor>
				       <DescriptorName> </DescriptorName>
				       <DescriptorValue> </DescriptorValue>
				       </Descriptor>
				       <NumberOfUnits/>
				       <StartDate/>
				       <EndDate/>
				       </ActualResult>
				       <xf:label>
				       <xf:output ref="instance('messages')/mefssage[key/t
				       ext()='measurement-unit']/value"/>
				       <xf:input  ref="UnitOfMeasurement" />
				       </xf:label>
				  -->
				  <!--
				      <Identifier/>
				      <Relationship relationshiptype="">
				      <identifier/>
				      <referentidentifier>[to_be_inserted_by_user]</referent
				      identifier>
				      <name/>
				      <description/>
				      </relationship>
				  -->
				  <div class="subsection" >
				    <xf:repeat ref="Relationship">
				      <div class="section" >
					<h4>
					  <xf:output ref="instance('messages')/message[key/text()='relationship']/value"/>
					</h4>
					<div class="subsection" >			  
					  <div class="line" >
 					    <xf:label>
					      <xf:output ref="instance('messages')/message[key/text()='identifier']/value"/>
					      <xf:input ref="Identifier"/>
					    </xf:label>
					    <xf:label>
					      <xf:output ref="instance('messages')/message[key/text()='name']/value"/>
					      <xf:input ref="Name"/>
					    </xf:label>
					    <xf:trigger  class="linebutton iconbutton">
						  	<xf:label>
								<img src="img/cross.svg" alt="delete Relationship" />
							</xf:label>
						  	<xf:delete ref="."  ev:event="DOMActivate" />
						  </xf:trigger>
					  </div>

					  <div class="line">
					    <xf:label>
					      <xf:output ref="instance('messages')/message[key/text()='type']/value"/>
					      <xf:select1 ref="@RelationshipType">
						<xf:item>
						  <xf:label>Broader than</xf:label>
						  <xf:value>Broader_Than</xf:value>
						</xf:item>
						<xf:item>
						  <xf:label>Peer To</xf:label>
						  <xf:value>Peer_To</xf:value>
						</xf:item>
						<xf:item>
						  <xf:label>Narrower than</xf:label>
						  <xf:value>Narrower_Than</xf:value>
						</xf:item>
					      </xf:select1>
					    </xf:label>
					    <xf:label>
					      <xf:output ref="instance('messages')/message[key/text()='reference-identifier']/value"/>
					      <!-- Check with Owen that the relation 
						   is appropriate 
					      -->
					      <xf:input ref="ReferentIdentifier" />
					      <!--<xf:itemset nodeset="//PerformanceIndicator">
						  <xf:label ref="Identifier"></xf:label>
						  <xf:value ref="Identifier"></xf:value>
						  </xf:itemset>
						  </xf:select1>
					      -->
					      <!-- <xf:input ref="ReferentIdentifier"/> -->
					    </xf:label>
					  </div>
					  <div class="line">
					    <xf:label class="lineitem">
					      <xf:output ref="instance('messages')/message[key/text()='description']/value"/>
					      <xf:textarea ref="Description"/>
					    </xf:label>
					  </div>

					</div>
				      </div>
				    </xf:repeat>
				  </div>
				  <div class="org-add-button" >
				    <xf:trigger class="add-button org-add-button">
				      <xf:label>
					<xf:output ref="instance('messages')/message[key/text()='add']/value/text()"/>
					<xf:output ref="instance('messages')/message[key/text()='relationship']/value/text()"/>
				      </xf:label>
				      <xf:action ev:event="DOMActivate">
					<xf:insert 
					    origin="instance('template')//Relationship" 
					    context="."
					    ref="Relationship"
					    at="last()" position="after"/>
				      </xf:action>
				    </xf:trigger>
				  </div>
				</li>
				<!-- ......... Switch ......... -->
			      </xf:case>
			      <xf:case id="performancehide" >
				<li>                 
				  <h4>
				    <xf:trigger class="iconbutton" >
				      <xf:label>
					<img src="img/more-triangle.svg" />
					</xf:label><xf:toggle case="performanceshow" ev:event="DOMActivate" />
				    </xf:trigger>
				    <img src="img/performance-blue-icon.svg" 					 class="type-icon"  /> 			
				    <xf:output ref="SequenceIndicator" />
				    <xf:output ref="Identifier"/>
				  </h4>				<!--Line 1 Seq Indicator Identifier Dimension Units -->
				</li>
				<!-- ....... // Switch ........ --></xf:case></xf:switch >

</xf:repeat>
</ol>
<div class="org-add-button" >
  <xf:trigger class="add-button">
    <xf:label>
      <!-- concat(instance('messages')/message[key/text()='add']/value/text(), ' ' ,   -->
      <xf:output ref="instance('messages')/message[key/text()='add']/value/text()"/>
      <xf:output ref="instance('messages')/message[key/text()='performance-indicator']/value/text()"/>
    </xf:label>
    <xf:action ev:event="DOMActivate">
      <xf:insert origin="instance('template')//PerformanceIndicator" 
		 context="." ref="PerformanceIndicator" 
		 at="last()" position="after"/>
    </xf:action>
  </xf:trigger>
</div></li></xf:case>
<xf:case id="objectivehide" >
  <li>
    <h3>
      <!-- ......... Objective Resume ................ -->
      <xf:trigger class="iconbutton" >
	<xf:label>
	  <img src="img/less-triangle.svg" />
	  </xf:label><xf:toggle case="objectiveshow" ev:event="DOMActivate" />
      </xf:trigger>
      <img src="img/target_blue_icon_3.svg" class="type-icon"  /> 
      <xf:output ref="sequenceindicator"/>
      <xf:output ref="instance('messages')/message[key/text()='objective']/value"/>
      <xf:output ref="Name"/>
    </h3>
  </li>
</xf:case>
</xf:switch>


</xf:repeat>
</ol>
<!--</xf:group> -->
<!-- ........................ // Objetives ........................... -->

</xf:case>
<xf:case id="goalhide">


  <h2 >

    <xf:trigger class="iconbutton">
      <xf:label>
	<img src="img/more-triangle.svg" />
      </xf:label>
      <xf:toggle case="goalshow" ev:event="DOMActivate" />
    </xf:trigger>
    

    <img src="img/goal-blue-icon.svg" class="type-icon"  /> 
    
    <!--<xf:output class="SequenceIndicator nopaddingtext" ref="SequenceIndicator" />-->
    <xf:output ref="instance('messages')/message[key/text()='goal']/value" class="nopaddingtext"  />
    <xf:output ref="Name" class="nopaddingtext" />
  </h2>



</xf:case>
</xf:switch>
</xf:repeat>
<!-- ........................ // Goals  ........................... -->
</main>
</body>
</html>
