<?xml version="1.0" encoding="utf-8"?>
<?xml-stylesheet href="xsltforms/xsltforms.xsl" type="text/xsl"?>
<?css-conversion no ?>
<?xsltforms-options debug="no"?>
<html xmlns="http://www.w3.org/1999/xhtml" xmlns:xf="http://www.w3.org/2002/xforms" xmlns:ev="http://www.w3.org/2001/xml-events" xmlns:xsd="http://www.w3.org/2001/XMLSchema">
  <head>
    <link rel="stylesheet" type="text/css" href="./style.css"/>
    <xf:model>
      <xf:instance xmlns="" id="default" resource="data/stratml-template.xml"/>
      <xf:instance xmlns="" id="template" resource="data/stratml-template.xml"/>
      <xf:instance xmlns="" id="messages" src="labels/labels-en.xml"/>
      <xf:instance xmlns="" id="config" resource="data/form-config.xml"/>
      <xf:submission id="change-language" replace="instance" instance="messages" method="get" serialization="none">
        <xf:resource value="instance('config')/file/text()"/>
      </xf:submission>
      <xf:submission id="wizard-intro" show="new" method="post" action="./Strat_Part_2_Multilingual_Intro.xml">
        <xf:message level="modeless" ev:event="xforms-submit-error">Entry Submission Error - please check the form for red Xs.</xf:message>
      </xf:submission>
    </xf:model>
    <link rel="stylesheet" type="text/css" href="css/position-style.css"/>
    <link rel="stylesheet" type="text/css" href="css/format-style.css"/>
  </head>
  <body>
    <!--
        <?xsltforms-options css-converson="no"?>
        <xsl:when test="translate(normalize-space(/processing-instruction('css-c
	onversion')[1]), 'YESNO ', 'yesno')='no'">
    -->
    <header>
      <h1>
        <img class="title-logo" width="80px" src="img/performance_logo_white.svg" alt="StratML logo"/>
        <xf:output ref="instance('messages')/message[key/text()='performance-information']/value"/>
        <img class="stratml-logo" src="img/stratml_logo_white.svg" alt="StratMLlogo"/>
      </h1>
      <div id="subheader">
        <div id="breadcrumb"> &gt;
        <a href="0_mainform.xml">Create Plan</a> &gt;
        <a name="Performance">5. Performance</a>
        </div>
        <!-- ..................... lANGUAGE ........................... -->
        <xf:select1 id="lang-selector" ref="instance('config')/file">
          <xf:label class="subheader">Language</xf:label>
          <xf:item>
            <xf:label>English</xf:label>
            <xf:value>labels/labels-en.xml/</xf:value>
          </xf:item>
          <xf:item>
            <xf:label>Spanish</xf:label>
            <xf:value>labels/labels-es.xml</xf:value>
          </xf:item>
          <xf:action ev:event="xforms-value-changed">
            <xf:send submission="change-language"/>
          </xf:action>
        </xf:select1>
        <img id="page-counter" src="img/counter_5.svg" alt="Step 5"/>
      </div>
    </header>
    <main >
      <h3>StratML Report Data</h3>
      <h3>Pending</h3>
      <!-- 
	   <ol>

<xf:repeat ref="instance('default')/*">
<li>


<ol>
<xf:repeat ref="*">
<li>
<xf:output ref="local-name(.)"/>:
<xf:output ref="text()" />
<ol>







</ol>
</li>
</xf:repeat>
</ol>


</li>
</xf:repeat>
</ol>
      -->
      <!-- ........................ // Goals  ........................... -->
    </main>
  </body>
</html>
