<?xml version="1.0" encoding="utf-8"?>
<?xml-stylesheet href="xsltforms/xsltforms.xsl" type="text/xsl"?>
<?xsltforms-options debug="no"?>
<?css-conversion no ?>
<html 
    xmlns="http://www.w3.org/1999/xhtml" xmlns:xf="http://www.w3.org/2002/xforms" 
    xmlns:ev="http://www.w3.org/2001/xml-events" xmlns:xsd="http://www.w3.org/2001/XMLSchema">
  <head>
    <xf:model>
      <xf:instance xmlns="" id="config" resource="data/form-config.xml" />
      <xf:submission id="change-language" replace="instance" instance="messages" method="get" serialization="none">
	<xf:resource value="instance('config')/file/text()"/>
      </xf:submission>
      <xf:submission id="wizard-intro" show="new" method="post" action="./Strat_Part_2_Multilingual_Intro.xml">
	<xf:message level="modeless" ev:event="xforms-submit-error">Entry Submission Error - please check the form for red Xs.</xf:message>
      </xf:submission>
    </xf:model>
  </head>
  <body>
    <!-- Debug help 
	 <h1><xf:output ref="instance('config')/page" /></h1>
    -->
    <svg
	xmlns:dc="http://purl.org/dc/elements/1.1/"
	xmlns:cc="http://creativecommons.org/ns#"
	xmlns:rdf="http://www.w3.org/1999/02/22-rdf-syntax-ns#"
	xmlns:svg="http://www.w3.org/2000/svg"
	xmlns="http://www.w3.org/2000/svg"
	xmlns:sodipodi="http://sodipodi.sourceforge.net/DTD/sodipodi-0.dtd"
	xmlns:inkscape="http://www.inkscape.org/namespaces/inkscape"
	width="35.809925mm"
	height="5.9837275mm"
	viewBox="0 0 126.88556 21.202184"
	id="svg14751"
	version="1.1"
	inkscape:version="0.91 r13725"
	>
      <defs
	  id="defs14753" />
      <sodipodi:namedview
	  id="base"
	  pagecolor="#ffffff"
	  bordercolor="#666666"
	  borderopacity="1.0"
	  inkscape:pageopacity="0.0"
	  inkscape:pageshadow="2"
	  inkscape:zoom="3.959798"
	  inkscape:cx="63.440616"
	  inkscape:cy="-55.104242"
	  inkscape:document-units="px"
	  inkscape:current-layer="layer1"
	  showgrid="false"
	  fit-margin-top="0"
	  fit-margin-left="0"
	  fit-margin-right="0"
	  fit-margin-bottom="0"
	  inkscape:window-width="959"
	  inkscape:window-height="1014"
	  inkscape:window-x="960"
	  inkscape:window-y="27"
	  inkscape:window-maximized="0" />
      <metadata
	  id="metadata14756">
	<rdf:RDF>
	  <cc:Work
              rdf:about="">
            <dc:format>image/svg+xml</dc:format>
            <dc:type
		rdf:resource="http://purl.org/dc/dcmitype/StillImage" />
            <dc:title></dc:title>
	  </cc:Work>
	</rdf:RDF>
      </metadata>
      <g
	  inkscape:label="Layer 1"
	  inkscape:groupmode="layer"
	  id="layer1"
	  transform="translate(183.44278,-156.04682)">
	<!-- Primero -->
	<xf:repeat ref=".[instance('config')/page&lt;1]">
	  <path
	      style="opacity:1;fill:#c6bb2e;fill-opacity:1;stroke:#ffffff;stroke-width:0.13673395;stroke-miterlimit:4;stroke-dasharray:none;stroke-opacity:1"
	      d="m -183.31824,156.11519 23.45926,0 6.70264,10.53273 -6.70264,10.53272 -23.45926,0 6.70265,-10.53272 z"
	      id="rect6410"
	      inkscape:connector-curvature="0"
	      sodipodi:nodetypes="ccccccc"
	      onclick="XsltForms_xmlevents.dispatch(document.getElementById('buttonone'),'DOMActivate')"
       />
	</xf:repeat>
	<xf:repeat ref=".[instance('config')/page=1]">
	  <path
	      style="opacity:1;fill:#c6bb2e;fill-opacity:1;stroke:#ffffff;stroke-width:0.13673395;stroke-miterlimit:4;stroke-dasharray:none;stroke-opacity:1"
	      d="m -183.31824,156.11519 23.45926,0 6.70264,10.53273 -6.70264,10.53272 -23.45926,0 6.70265,-10.53272 z"
	      id="rect6410b"
	      inkscape:connector-curvature="0"
	      sodipodi:nodetypes="ccccccc"
	      onclick="XsltForms_xmlevents.dispatch(document.getElementById('buttonone'),'DOMActivate')"
	      />
	</xf:repeat>
	<xf:repeat ref=".[instance('config')/page>1]">
	  <path
	      style="opacity:1;fill:#103265;fill-opacity:1;stroke:#ffffff;stroke-width:0.13673395;stroke-miterlimit:4;stroke-dasharray:none;stroke-opacity:1"
	      d="m -183.31824,156.11519 23.45926,0 6.70264,10.53273 -6.70264,10.53272 -23.45926,0 6.70265,-10.53272 z"
	      id="rect6aoeo"
	      inkscape:connector-curvature="0"
	      sodipodi:nodetypes="ccccccc"
	      onclick="XsltForms_xmlevents.dispatch(document.getElementById('buttonone'),'DOMActivate')"
	      />
  </xf:repeat>
  <!-- //Primero -->
  <!-- ............ Segundo ............ -->
    <xf:repeat ref=".[instance('config')/page&lt;2]">
      <path
	  sodipodi:nodetypes="ccccccc"
	  inkscape:connector-curvature="0"
	  id="path6413"
	  d="m -159.18872,156.11519 23.45926,0 6.70265,10.53273 -6.70265,10.53272 -23.45926,0 6.70265,-10.53272 z"
	  style="opacity:1;fill:#181c32;fill-opacity:0.31868137;stroke:#ffffff;stroke-width:0.13673395;stroke-miterlimit:4;stroke-dasharray:none;stroke-opacity:1"
       onclick="XsltForms_xmlevents.dispatch(document.getElementById('buttontwo'),'DOMActivate')"

/>
    </xf:repeat>
<xf:repeat ref=".[instance('config')/page=2]">
      <path
	  sodipodi:nodetypes="ccccccc"
	  inkscape:connector-curvature="0"
	  id="path6413b"
	  d="m -159.18872,156.11519 23.45926,0 6.70265,10.53273 -6.70265,10.53272 -23.45926,0 6.70265,-10.53272 z"
	  style="opacity:1;fill:#c6bb2e;fill-opacity:1;stroke:#ffffff;stroke-width:0.13673395;stroke-miterlimit:4;stroke-dasharray:none;stroke-opacity:1"
	  onclick="XsltForms_xmlevents.dispatch(document.getElementById('buttontwo'),'DOMActivate')"
	  />
</xf:repeat>
    <xf:repeat ref=".[instance('config')/page>2]">
    <path
       sodipodi:nodetypes="ccccccc"
       inkscape:connector-curvature="0"
       id="path6413c"
       d="m -159.18872,156.11519 23.45926,0 6.70265,10.53273 -6.70265,10.53272 -23.45926,0 6.70265,-10.53272 z"
       style="opacity:1;fill:#103265;fill-opacity:1;stroke:#ffffff;stroke-width:0.13673395;stroke-miterlimit:4;stroke-dasharray:none;stroke-opacity:1"
       onclick="XsltForms_xmlevents.dispatch(document.getElementById('buttontwo'),'DOMActivate')"
       
       />
    </xf:repeat>
    
    <!-- ............ //Segundo ............ -->
    <!-- ............ Tercero  ............ -->
    <xf:repeat ref=".[instance('config')/page&lt;3]">

      <path
	  style="opacity:1;fill:#181c32;fill-opacity:0.31868137;stroke:#ffffff;stroke-width:0.13673395;stroke-miterlimit:4;stroke-dasharray:none;stroke-opacity:1"
	  d="m -135.05919,156.11519 23.45925,0 6.70265,10.53273 -6.70265,10.53272 -23.45925,0 6.70264,-10.53272 z"
	  id="path6415"
	  inkscape:connector-curvature="0"
	  sodipodi:nodetypes="ccccccc"
       onclick="XsltForms_xmlevents.dispatch(document.getElementById('buttonthree'),'DOMActivate')"

/>
    </xf:repeat>
    <xf:repeat ref=".[instance('config')/page=3]">

      <path
	  style="opacity:1;fill:#c6bb2e;fill-opacity:1;stroke:#ffffff;stroke-width:0.13673395;stroke-miterlimit:4;stroke-dasharray:none;stroke-opacity:1"
	  d="m -135.05919,156.11519 23.45925,0 6.70265,10.53273 -6.70265,10.53272 -23.45925,0 6.70264,-10.53272 z"
	  id="path6415b"
	  inkscape:connector-curvature="0"
	  sodipodi:nodetypes="ccccccc"
       onclick="XsltForms_xmlevents.dispatch(document.getElementById('buttonthree'),'DOMActivate')"

/>
    </xf:repeat>
    <xf:repeat ref=".[instance('config')/page>3]">

      <path
	  style="opacity:1;fill:#103265;fill-opacity:1;stroke:#ffffff;stroke-width:0.13673395;stroke-miterlimit:4;stroke-dasharray:none;stroke-opacity:1"
	  d="m -135.05919,156.11519 23.45925,0 6.70265,10.53273 -6.70265,10.53272 -23.45925,0 6.70264,-10.53272 z"
	  id="path6415c"
	  inkscape:connector-curvature="0"
	  sodipodi:nodetypes="ccccccc"
       onclick="XsltForms_xmlevents.dispatch(document.getElementById('buttonthree'),'DOMActivate')"

/>
    </xf:repeat>
    
    <!-- ............ //Tercero  ............ -->
    <!-- ............ Cuarto  ............ -->

    <xf:repeat ref=".[instance('config')/page&lt;4]">
      <path
	  sodipodi:nodetypes="ccccccc"
	  inkscape:connector-curvature="0"
	  id="path6417"
	  d="m -110.92967,156.11519 23.459259,0 6.702638,10.53273 -6.702638,10.53272 -23.459259,0 6.70264,-10.53272 z"
	  style="opacity:1;fill:#181c32;fill-opacity:0.31868137;stroke:#ffffff;stroke-width:0.13673395;stroke-miterlimit:4;stroke-dasharray:none;stroke-opacity:1"
	  onclick="XsltForms_xmlevents.dispatch(document.getElementById('buttonfour'),'DOMActivate')"
	  />
    </xf:repeat>

    <xf:repeat ref=".[instance('config')/page=4]">
      <path
	  sodipodi:nodetypes="ccccccc"
	  inkscape:connector-curvature="0"
	  id="path6417b"
	  d="m -110.92967,156.11519 23.459259,0 6.702638,10.53273 -6.702638,10.53272 -23.459259,0 6.70264,-10.53272 z"
	  style="opacity:1;fill:#c6bb2e;fill-opacity:1;stroke:#ffffff;stroke-width:0.13673395;stroke-miterlimit:4;stroke-dasharray:none;stroke-opacity:1"
	  onclick="XsltForms_xmlevents.dispatch(document.getElementById('buttonfour'),'DOMActivate')"
	  />
    </xf:repeat>

    <xf:repeat ref=".[instance('config')/page>4]">
      <path
	  sodipodi:nodetypes="ccccccc"
	  inkscape:connector-curvature="0"
	  id="path6417c"
	  d="m -110.92967,156.11519 23.459259,0 6.702638,10.53273 -6.702638,10.53272 -23.459259,0 6.70264,-10.53272 z"
	  style="opacity:1;fill:#103265;fill-opacity:1;stroke:#ffffff;stroke-width:0.13673395;stroke-miterlimit:4;stroke-dasharray:none;stroke-opacity:1"
	  onclick="XsltForms_xmlevents.dispatch(document.getElementById('buttonfour'),'DOMActivate')"
	  />
    </xf:repeat>

    <!-- ............ //Cuarto  ............ -->
    <!-- ............ Quinto  ............ -->
    <!--
    <xf:repeat ref=".[instance('config')/page&lt;5]">
      <path
	  style="opacity:1;fill:#181c32;fill-opacity:0.31868137;stroke:#ffffff;stroke-width:0.13673395;stroke-miterlimit:4;stroke-dasharray:none;stroke-opacity:1"
	  d="m -86.800151,156.11519 23.459258,0 6.70264,10.53273 -6.70264,10.53272 -23.459258,0 6.702648,-10.53272 z"
	  id="path6419"
	  inkscape:connector-curvature="0"
	  sodipodi:nodetypes="ccccccc" 	  onclick="XsltForms_xmlevents.dispatch(document.getElementById('buttonfive'),'DOMActivate')"
	  />

      
    </xf:repeat>
    <xf:repeat ref=".[instance('config')/page=5]">
      <path
	  style="opacity:1;fill:#c6bb2e;fill-opacity:1;stroke:#ffffff;stroke-width:0.13673395;stroke-miterlimit:4;stroke-dasharray:none;stroke-opacity:1"
	  d="m -86.800151,156.11519 23.459258,0 6.70264,10.53273 -6.70264,10.53272 -23.459258,0 6.702648,-10.53272 z"
	  id="path6419"
	  inkscape:connector-curvature="0"
	  sodipodi:nodetypes="ccccccc" 	  onclick="XsltForms_xmlevents.dispatch(document.getElementById('buttonfive'),'DOMActivate')"
	  />

      
    </xf:repeat>

    <xf:repeat ref=".[instance('config')/page>5]">
      <path
	  style="opacity:1;fill:#103265;fill-opacity:1;stroke:#ffffff;stroke-width:0.13673395;stroke-miterlimit:4;stroke-dasharray:none;stroke-opacity:1"
	  d="m -86.800151,156.11519 23.459258,0 6.70264,10.53273 -6.70264,10.53272 -23.459258,0 6.702648,-10.53272 z"
	  id="path6419"
	  inkscape:connector-curvature="0"
	  sodipodi:nodetypes="ccccccc" 	  onclick="XsltForms_xmlevents.dispatch(document.getElementById('buttonfive'),'DOMActivate')"
	  />

      
    </xf:repeat>
    -->


    <!-- ............ //Quinto  ............ -->

    <text
       xml:space="preserve"
       style="font-style:normal;font-weight:normal;font-size:5.02698374px;line-height:125%;font-family:Sans;letter-spacing:0px;word-spacing:0px;fill:#000000;fill-opacity:1;stroke:none;stroke-width:1px;stroke-linecap:butt;stroke-linejoin:miter;stroke-opacity:1"
       x="-171.16977"
       y="170.4801"
       id="text6423"
       sodipodi:linespacing="125%"
       onclick="XsltForms_xmlevents.dispatch(document.getElementById('buttonone'),'DOMActivate')"
><tspan
         sodipodi:role="line"
         id="tspan6425"
         x="-171.16977"
         y="170.4801"
         style="font-style:normal;font-variant:normal;font-weight:normal;font-stretch:normal;font-size:11.72962856px;font-family:Mingzat;-inkscape-font-specification:Mingzat;fill:#ffffff">1</tspan></text>
    <text
       sodipodi:linespacing="125%"
       id="text6427"
       y="170.4801"
       x="-147.04025"
       style="font-style:normal;font-weight:normal;font-size:5.02698374px;line-height:125%;font-family:Sans;letter-spacing:0px;word-spacing:0px;fill:#000000;fill-opacity:1;stroke:none;stroke-width:1px;stroke-linecap:butt;stroke-linejoin:miter;stroke-opacity:1"
       xml:space="preserve"
       onclick="XsltForms_xmlevents.dispatch(document.getElementById('buttontwo'),'DOMActivate')"
><tspan
         style="font-style:normal;font-variant:normal;font-weight:normal;font-stretch:normal;font-size:11.72962856px;font-family:Mingzat;-inkscape-font-specification:Mingzat;fill:#ffffff"
         y="170.4801"
         x="-147.04025"
         id="tspan6429"
         sodipodi:role="line">2</tspan></text>
    <text
       xml:space="preserve"
       style="font-style:normal;font-weight:normal;font-size:5.02698374px;line-height:125%;font-family:Sans;letter-spacing:0px;word-spacing:0px;fill:#000000;fill-opacity:1;stroke:none;stroke-width:1px;stroke-linecap:butt;stroke-linejoin:miter;stroke-opacity:1"
       x="-121.57022"
       y="170.4801"
       id="text6431"
       sodipodi:linespacing="125%"
       onclick="XsltForms_xmlevents.dispatch(document.getElementById('buttonthree'),'DOMActivate')"
><tspan
         sodipodi:role="line"
         id="tspan6433"
         x="-121.57022"
         y="170.4801"
         style="font-style:normal;font-variant:normal;font-weight:normal;font-stretch:normal;font-size:11.72962856px;font-family:Mingzat;-inkscape-font-specification:Mingzat;fill:#ffffff">3</tspan></text>

   <text
       sodipodi:linespacing="125%"
       id="text6435"
       y="170.4801"
       x="-98.110931"
       style="font-style:normal;font-weight:normal;font-size:5.02698374px;line-height:125%;font-family:Sans;letter-spacing:0px;word-spacing:0px;fill:#000000;fill-opacity:1;stroke:none;stroke-width:1px;stroke-linecap:butt;stroke-linejoin:miter;stroke-opacity:1"
       xml:space="preserve"
       onclick="XsltForms_xmlevents.dispatch(document.getElementById('buttonfour'),'DOMActivate')"
       >
      <tspan
         style="font-style:normal;font-variant:normal;font-weight:normal;font-stretch:normal;font-size:11.72962856px;font-family:Mingzat;-inkscape-font-specification:Mingzat;fill:#ffffff"
         y="170.4801"
         x="-98.110931"
         id="tspan6437"
         sodipodi:role="line">4</tspan></text>
      <!--
      <text
       xml:space="preserve"
       style="font-style:normal;font-weight:normal;font-size:5.02698374px;line-height:125%;font-family:Sans;letter-spacing:0px;word-spacing:0px;fill:#000000;fill-opacity:1;stroke:none;stroke-width:1px;stroke-linecap:butt;stroke-linejoin:miter;stroke-opacity:1"
       x="-73.981422"
       y="170.4801"
       id="text6439"
       sodipodi:linespacing="125%"
       onclick="XsltForms_xmlevents.dispatch(document.getElementById('buttonfive'),'DOMActivate')"
       >
      <tspan
         sodipodi:role="line"
         id="tspan6441"
         x="-73.981422"
         y="170.4801"
         style="font-style:normal;font-variant:normal;font-weight:normal;font-stretch:normal;font-size:11.72962856px;font-family:Mingzat;-inkscape-font-specification:Mingzat;fill:#ffffff">5</tspan></text>
      -->
  </g>
</svg>




    
  </body>
</html>
