<?xml version="1.0" encoding="utf-8"?>
<PerformancePlanOrReport Type="Performance_Plan">
	<id />
	<Name>Template</Name>
	<Description />
	<OtherInformation />

	<StrategicPlanCore>

		<Organization>
			<Name />
			<Acronym />
			<Identifier />
			<Description />
		</Organization>
		<Vision>
			<Description />
			<Identifier />
		</Vision>
		<Mission>
			<Description />
			<Identifier />
		</Mission>
		<Value>
			<Name />
			<Description />
		</Value>

		<Goal>
			<Name>Template</Name>
			<Description></Description>
			<Identifier />
			<SequenceIndicator>1</SequenceIndicator>
			<OtherInformation />
			<Objective>
				<Name></Name>
				<Description />
				<Identifier />

				<SequenceIndicator>1</SequenceIndicator>
				<OtherInformation />
				<PerformanceIndicator ValueChainStage=""
					PerformanceIndicatorType="">
					<SequenceIndicator />
					<MeasurementDimension />
					<UnitOfMeasurement />
					<Identifier></Identifier>
					<Relationship RelationshipType="">
						<Identifier></Identifier>
						<ReferentIdentifier></ReferentIdentifier>
						<Name></Name>
						<Description />
					</Relationship>
					<MeasurementInstance>
						<TargetResult>
							<Description></Description>
							<Descriptor>
								<DescriptorName></DescriptorName>
								<DescriptorValue></DescriptorValue>
							</Descriptor>
							<NumberOfUnits></NumberOfUnits>
							<StartDate />
							<EndDate />
						</TargetResult>
						<ActualResult>
							<Description></Description>
							<Descriptor>
								<DescriptorName>
								</DescriptorName>
								<DescriptorValue>
								</DescriptorValue>
							</Descriptor>
							<NumberOfUnits />
							<StartDate />
							<EndDate />
						</ActualResult>
					</MeasurementInstance>
					<OtherInformation></OtherInformation>
				</PerformanceIndicator>
			</Objective>
		</Goal>
	</StrategicPlanCore>

	<AdministrativeInformation>
		<Identifier />
		<StartDate />
		<EndDate />
		<PublicationDate />
	</AdministrativeInformation>
	<Submitter>
		<Identifier />
		<GivenName />
		<Surname />
		<PhoneNumber />
		<EmailAddress />
	</Submitter>
</PerformancePlanOrReport>
